<?xml version="1.0"?>
<doc>
    <assembly>
        <name>Thycotic.RabbitMq.Helper.Logic</name>
    </assembly>
    <members>
        <member name="T:Thycotic.RabbitMq.Helper.Logic.CmdletExtensions">
            <summary>
            Commandlet extensions.
            </summary>
        </member>
        <member name="M:Thycotic.RabbitMq.Helper.Logic.CmdletExtensions.AsChildOf(System.Management.Automation.Cmdlet,System.Management.Automation.Cmdlet)">
            <summary>
            Returns the current command as a child of the specified command.
            Use this when establishing chains of commandlets.
            </summary>
            <param name="parent">The parent.</param>
            <param name="child">The child.</param>
            <returns></returns>
        </member>
        <member name="M:Thycotic.RabbitMq.Helper.Logic.CmdletExtensions.InvokeImmediate(System.Management.Automation.Cmdlet)">
            <summary>
            Invokes the command immediately.
            </summary>
            <param name="cmd">The command.</param>
        </member>
        <member name="M:Thycotic.RabbitMq.Helper.Logic.CmdletExtensions.ContinueWith(System.Management.Automation.Cmdlet,System.Management.Automation.Cmdlet)">
            <summary>
            Continues the command with the child one.
            </summary>
            <param name="parent">The parent.</param>
            <param name="child">The child.</param>
            <returns></returns>
        </member>
        <member name="T:Thycotic.RabbitMq.Helper.Logic.DnsEx">
            <summary>
            DNS Extensions
            </summary>
        </member>
        <member name="M:Thycotic.RabbitMq.Helper.Logic.DnsEx.GetDnsHostName">
            <summary>
            Gets the name of the DNS host.
            </summary>
            <returns></returns>
        </member>
        <member name="T:Thycotic.RabbitMq.Helper.Logic.ExceptionExtensions">
            <summary>
            Exception extensions
            </summary>
        </member>
        <member name="M:Thycotic.RabbitMq.Helper.Logic.ExceptionExtensions.GetCombinedMessage(System.Exception)">
            <summary>
            Gets the combined message of the exception and its inner exceptions.
            </summary>
            <param name="ex">The ex.</param>
            <returns></returns>
        </member>
        <member name="T:Thycotic.RabbitMq.Helper.Logic.InstallationConstants">
            <summary>
                Installation constants
            </summary>
        </member>
        <member name="T:Thycotic.RabbitMq.Helper.Logic.InstallationConstants.Erlang">
            <summary>
                Erlang constants
            </summary>
        </member>
        <member name="F:Thycotic.RabbitMq.Helper.Logic.InstallationConstants.Erlang.CookieFileName">
            <summary>
            The erlang cookie file name
            </summary>
        </member>
        <member name="F:Thycotic.RabbitMq.Helper.Logic.InstallationConstants.Erlang.CookieSystemPath">
            <summary>
            The erlang cookie system path
            </summary>
            <remarks>Usually something like C:\Windows\System32\config\systemprofile\</remarks>
        </member>
        <member name="F:Thycotic.RabbitMq.Helper.Logic.InstallationConstants.Erlang.CookieUserProfilePath">
            <summary>
            The erlang cookie user profile path
            </summary>
        </member>
        <member name="F:Thycotic.RabbitMq.Helper.Logic.InstallationConstants.Erlang.InstallerChecksum">
            <summary>
                The erlang installer checksum
            </summary>
        </member>
        <member name="F:Thycotic.RabbitMq.Helper.Logic.InstallationConstants.Erlang.Version">
            <summary>
                The version
            </summary>
        </member>
        <member name="F:Thycotic.RabbitMq.Helper.Logic.InstallationConstants.Erlang.DownloadUrl">
            <summary>
                The download URL
            </summary>
        </member>
        <member name="F:Thycotic.RabbitMq.Helper.Logic.InstallationConstants.Erlang.ThycoticMirrorDownloadUrl">
            <summary>
                The download URL using the Thycotic mirror
            </summary>
        </member>
        <member name="F:Thycotic.RabbitMq.Helper.Logic.InstallationConstants.Erlang.InstallPath">
            <summary>
                The install path
            </summary>
        </member>
        <member name="F:Thycotic.RabbitMq.Helper.Logic.InstallationConstants.Erlang.UninstallerPaths">
            <summary>
                The uninstaller path
            </summary>
        </member>
        <member name="T:Thycotic.RabbitMq.Helper.Logic.InstallationConstants.RabbitMq">
            <summary>
                RabbitMq constants
            </summary>
        </member>
        <member name="F:Thycotic.RabbitMq.Helper.Logic.InstallationConstants.RabbitMq.InstallerChecksum">
            <summary>
            The installer RabbitMq checksum
            </summary>
        </member>
        <member name="F:Thycotic.RabbitMq.Helper.Logic.InstallationConstants.RabbitMq.DownloadUrl">
            <summary>
                The download URL
            </summary>
        </member>
        <member name="F:Thycotic.RabbitMq.Helper.Logic.InstallationConstants.RabbitMq.ThycoticMirrorDownloadUrl">
            <summary>
                The download URL using the Thycotic mirror
            </summary>
        </member>
        <member name="F:Thycotic.RabbitMq.Helper.Logic.InstallationConstants.RabbitMq.Version">
            <summary>
                The version
            </summary>
        </member>
        <member name="F:Thycotic.RabbitMq.Helper.Logic.InstallationConstants.RabbitMq.ConfigurationPath">
            <summary>
                The configuration path
            </summary>
        </member>
        <member name="F:Thycotic.RabbitMq.Helper.Logic.InstallationConstants.RabbitMq.InstallPath">
            <summary>
                The install path
            </summary>
        </member>
        <member name="F:Thycotic.RabbitMq.Helper.Logic.InstallationConstants.RabbitMq.BinDir">
            <summary>
                The bin dir
            </summary>
        </member>
        <member name="F:Thycotic.RabbitMq.Helper.Logic.InstallationConstants.RabbitMq.BinPath">
            <summary>
                The bin path
            </summary>
        </member>
        <member name="F:Thycotic.RabbitMq.Helper.Logic.InstallationConstants.RabbitMq.UninstallerPaths">
            <summary>
                The uninstaller path
            </summary>
        </member>
        <member name="T:Thycotic.RabbitMq.Helper.Logic.IO.DirectoryCleaner">
            <summary>
            Directory cleaner.
            </summary>
        </member>
        <member name="M:Thycotic.RabbitMq.Helper.Logic.IO.DirectoryCleaner.Clean(System.String,System.Int32)">
            <summary>
            Cleans the specified path recursively.
            </summary>
            <param name="path">The path.</param>
            <param name="maxRetries">The maximum retries.</param>
        </member>
        <member name="T:Thycotic.RabbitMq.Helper.Logic.IO.LockedFileReader">
            <summary>
                Locked/log file reader
            </summary>
        </member>
        <member name="M:Thycotic.RabbitMq.Helper.Logic.IO.LockedFileReader.#ctor(System.String)">
            <summary>
                Initializes a new instance of the <see cref="T:Thycotic.RabbitMq.Helper.Logic.IO.LockedFileReader" /> class.
            </summary>
            <param name="path">The path.</param>
        </member>
        <member name="M:Thycotic.RabbitMq.Helper.Logic.IO.LockedFileReader.GetTailLines(System.Int32)">
            <summary>
                Gets the tail lines.
            </summary>
            <param name="linesToReturn">The lines to return.</param>
            <returns>List of the tail lines</returns>
        </member>
        <member name="T:Thycotic.RabbitMq.Helper.Logic.IO.PrerequisiteDownloader">
            <summary>
                Pre-requisite downloader
            </summary>
        </member>
        <member name="M:Thycotic.RabbitMq.Helper.Logic.IO.PrerequisiteDownloader.#cctor">
            <summary>
                Static constructor to allow TLS
            </summary>
        </member>
        <member name="M:Thycotic.RabbitMq.Helper.Logic.IO.PrerequisiteDownloader.Download(System.Threading.CancellationToken,System.Uri,System.String,System.String,System.Boolean,System.Int32,System.Action{System.String},System.Action{System.String},System.Action{System.String,System.Exception},System.Action{Thycotic.RabbitMq.Helper.Logic.IO.PrerequisiteDownloaderProgress})">
            <summary>
                Downloads the prerequisite.
            </summary>
            <param name="token">The token.</param>
            <param name="downloadUri">The download URI.</param>
            <param name="installerPath">The installer path.</param>
            <param name="checksum">The installer checksum.</param>
            <param name="forceDownload">if set to <c>true</c> [force download].</param>
            <param name="maxRetries">The maximum retries.</param>
            <param name="debugHandler">The debug handler.</param>
            <param name="infoHandler">The information handler.</param>
            <param name="warnHandler">The warn handler.</param>
            <param name="progressHandler">The progress handler.</param>
            <exception cref="T:System.IO.FileNotFoundException">Failed to download</exception>
        </member>
        <member name="M:Thycotic.RabbitMq.Helper.Logic.IO.PrerequisiteDownloader.CalculateMD5(System.String)">
            <summary>
               Calculates the MD5 hash of a file
            </summary>
        </member>
        <member name="T:Thycotic.RabbitMq.Helper.Logic.IO.PrerequisiteDownloaderProgress">
            <summary>
                Prerequisite downloader
            </summary>
        </member>
        <member name="P:Thycotic.RabbitMq.Helper.Logic.IO.PrerequisiteDownloaderProgress.ProgressPercentage">
            <summary>
                Gets or sets the progress percentage.
            </summary>
            <value>
                The progress percentage.
            </value>
        </member>
        <member name="P:Thycotic.RabbitMq.Helper.Logic.IO.PrerequisiteDownloaderProgress.TotalBytesToReceive">
            <summary>
                Gets or sets the total bytes to receive.
            </summary>
            <value>
                The total bytes to receive.
            </value>
        </member>
        <member name="P:Thycotic.RabbitMq.Helper.Logic.IO.PrerequisiteDownloaderProgress.BytesReceived">
            <summary>
                Gets or sets the bytes received.
            </summary>
            <value>
                The bytes received.
            </value>
        </member>
        <member name="T:Thycotic.RabbitMq.Helper.Logic.IO.RabbitMqConfigurationPathSanitizer">
            <summary>
            RabbitMq configuration path sanitizer
            </summary>
        </member>
        <member name="M:Thycotic.RabbitMq.Helper.Logic.IO.RabbitMqConfigurationPathSanitizer.Sanitize(System.String)">
            <summary>
            Sanitizes the specified path. Directory separators are doubled: C:\temp comes C:\\temp
            </summary>
            <param name="path">The path.</param>
            <returns></returns>
        </member>
        <member name="T:Thycotic.RabbitMq.Helper.Logic.ManagementClients.Cli.InvalidRabbitMqBatOutputException">
            <summary>
            Exception for output that is not expected from the RabbitMq batch files.
            </summary>
            <seealso cref="T:System.Exception" />
        </member>
        <member name="M:Thycotic.RabbitMq.Helper.Logic.ManagementClients.Cli.InvalidRabbitMqBatOutputException.#ctor(System.String,System.String)">
            <summary>
            Initializes a new instance of the <see cref="T:Thycotic.RabbitMq.Helper.Logic.ManagementClients.Cli.InvalidRabbitMqBatOutputException" /> class.
            </summary>
            <param name="expectedOutput">The exptected output.</param>
            <param name="actualOutput">The actual output.</param>
        </member>
        <member name="T:Thycotic.RabbitMq.Helper.Logic.ManagementClients.Cli.RabbitMqBatClient">
            <summary>
            CTL RabbitMqProcess interactor 
            </summary>
            <seealso cref="T:Thycotic.RabbitMq.Helper.Logic.OS.IProcessInteractor" />
        </member>
        <member name="P:Thycotic.RabbitMq.Helper.Logic.ManagementClients.Cli.RabbitMqBatClient.Executable">
            <summary>
                Gets the executable.
            </summary>
            <value>
                The executable.
            </value>
        </member>
        <member name="P:Thycotic.RabbitMq.Helper.Logic.ManagementClients.Cli.RabbitMqBatClient.WorkingPath">
            <summary>
                Gets the working path.
            </summary>
            <value>
                The working path.
            </value>
        </member>
        <member name="P:Thycotic.RabbitMq.Helper.Logic.ManagementClients.Cli.RabbitMqBatClient.ExecutablePath">
            <summary>
                Gets the executable path.
            </summary>
            <value>
                The executable path.
            </value>
        </member>
        <member name="P:Thycotic.RabbitMq.Helper.Logic.ManagementClients.Cli.RabbitMqBatClient.Exists">
            <summary>
            Gets a value indicating whether this <see cref="T:Thycotic.RabbitMq.Helper.Logic.OS.IProcessInteractor" /> is exists.
            </summary>
            <value>
              <c>true</c> if exists; otherwise, <c>false</c>.
            </value>
        </member>
        <member name="M:Thycotic.RabbitMq.Helper.Logic.ManagementClients.Cli.RabbitMqBatClient.Invoke(System.String,System.TimeSpan)">
            <summary>
            Invokes the specified parameters.
            </summary>
            <param name="parameters">The parameters.</param>
            <param name="estimatedProcessDuration">Duration of the estimated process.</param>
            <returns></returns>
        </member>
        <member name="M:Thycotic.RabbitMq.Helper.Logic.ManagementClients.Cli.RabbitMqBatClient.ValidateOutput(System.String,System.String,System.Boolean)">
            <summary>
            Validates the output.
            </summary>
            <param name="expectedOutput">The expected output.</param>
            <param name="actualOutput">The actual output.</param>
            <param name="strict">if set to <c>true</c> [strict].</param>
            <exception cref="T:Thycotic.RabbitMq.Helper.Logic.ManagementClients.Cli.InvalidRabbitMqBatOutputException"></exception>
        </member>
        <member name="T:Thycotic.RabbitMq.Helper.Logic.ManagementClients.Cli.RabbitMqBatPluginClient">
            <summary>
            CTL RabbitMqProcess interactor 
            </summary>
            <seealso cref="T:Thycotic.RabbitMq.Helper.Logic.OS.IProcessInteractor" />
        </member>
        <member name="P:Thycotic.RabbitMq.Helper.Logic.ManagementClients.Cli.RabbitMqBatPluginClient.Executable">
            <summary>
                Gets the executable.
            </summary>
            <value>
                The executable.
            </value>
        </member>
        <member name="M:Thycotic.RabbitMq.Helper.Logic.ManagementClients.Cli.RabbitMqBatPluginClient.EnableManagementConsole">
            <summary>
            Enables the management console.
            </summary>
            <exception cref="T:System.Exception"></exception>
        </member>
        <member name="T:Thycotic.RabbitMq.Helper.Logic.ManagementClients.Cli.RabbitMqBatCtlClient">
            <summary>
            CTL RabbitMqProcess interactor 
            </summary>
            <seealso cref="T:Thycotic.RabbitMq.Helper.Logic.OS.IProcessInteractor" />
        </member>
        <member name="P:Thycotic.RabbitMq.Helper.Logic.ManagementClients.Cli.RabbitMqBatCtlClient.Executable">
            <inheritdoc />
        </member>
        <member name="P:Thycotic.RabbitMq.Helper.Logic.ManagementClients.Cli.RabbitMqBatCtlClient.IsRunning">
            <inheritdoc />
        </member>
        <member name="M:Thycotic.RabbitMq.Helper.Logic.ManagementClients.Cli.RabbitMqBatCtlClient.SoftStart">
            <inheritdoc />
        </member>
        <member name="M:Thycotic.RabbitMq.Helper.Logic.ManagementClients.Cli.RabbitMqBatCtlClient.SoftStop">
            <inheritdoc />
        </member>
        <member name="M:Thycotic.RabbitMq.Helper.Logic.ManagementClients.Cli.RabbitMqBatCtlClient.HardStop">
            <inheritdoc />
        </member>
        <member name="M:Thycotic.RabbitMq.Helper.Logic.ManagementClients.Cli.RabbitMqBatCtlClient.CreateLimitedAccessUser(System.String,System.String)">
            <summary>
            Creates the limited access user.
            </summary>
            <param name="userName">Name of the user.</param>
            <param name="password">The password.</param>
            <exception cref="T:System.Exception">
            Failed to create user. Manual creation might be necessary
            </exception>
        </member>
        <member name="M:Thycotic.RabbitMq.Helper.Logic.ManagementClients.Cli.RabbitMqBatCtlClient.GrantPermissionsToUser(System.String,System.String)">
            <summary>
            Grants the permissions to user.
            </summary>
            <param name="virtualHost">The virtual host.</param>
            <param name="userName">Name of the user.</param>
            <exception cref="T:System.Exception">
            Failed to grant permissions to user. Manual grant might be necessary
            </exception>
        </member>
        <member name="M:Thycotic.RabbitMq.Helper.Logic.ManagementClients.Cli.RabbitMqBatCtlClient.JoinCluster(System.String)">
            <summary>
            Joins the cluster.
            </summary>
            <param name="otherNodeName">Name of the other node.</param>
        </member>
        <member name="M:Thycotic.RabbitMq.Helper.Logic.ManagementClients.Cli.RabbitMqBatCtlClient.Reset">
            <summary>
            Resets this instance.
            </summary>
            <exception cref="T:System.Exception"></exception>
        </member>
        <member name="T:Thycotic.RabbitMq.Helper.Logic.ManagementClients.Rest.IRabbitMqRestClient">
            <summary>
            Interface for a rest management client
            </summary>
        </member>
        <member name="M:Thycotic.RabbitMq.Helper.Logic.ManagementClients.Rest.IRabbitMqRestClient.DeleteQueue(System.String,System.String)">
            <summary>
            Deletes the queue.
            </summary>
            <param name="vhost">The vhost.</param>
            <param name="name">The name.</param>
        </member>
        <member name="M:Thycotic.RabbitMq.Helper.Logic.ManagementClients.Rest.IRabbitMqRestClient.GetAllQueues">
            <summary>
            Gets all queues.
            </summary>
            <returns></returns>
        </member>
        <member name="M:Thycotic.RabbitMq.Helper.Logic.ManagementClients.Rest.IRabbitMqRestClient.GetClusterName">
            <summary>
            Gets the name of the cluster.
            </summary>
            <returns></returns>
        </member>
        <member name="M:Thycotic.RabbitMq.Helper.Logic.ManagementClients.Rest.IRabbitMqRestClient.GetClusterNodes">
            <summary>
            Gets the cluster nodes.
            </summary>
            <returns></returns>
        </member>
        <member name="M:Thycotic.RabbitMq.Helper.Logic.ManagementClients.Rest.IRabbitMqRestClient.GetHealthCheck">
            <summary>
            Gets the health check.
            </summary>
            <returns></returns>
        </member>
        <member name="M:Thycotic.RabbitMq.Helper.Logic.ManagementClients.Rest.IRabbitMqRestClient.CreatePolicy(System.String,System.String,Thycotic.RabbitMq.Helper.Logic.ManagementClients.Rest.Models.Policy)">
            <summary>
            Creates the policy.
            </summary>
            <param name="vhost">The vhost.</param>
            <param name="name">The name.</param>
            <param name="policy">The policy.</param>
        </member>
        <member name="T:Thycotic.RabbitMq.Helper.Logic.ManagementClients.Rest.Models.PolicyOptions">
            <summary>
            Policy options
            </summary>
        </member>
        <member name="T:Thycotic.RabbitMq.Helper.Logic.ManagementClients.Rest.Models.PolicyOptions.PolicyApplications">
            <summary>
            Supported policy applications
            </summary>
        </member>
        <member name="F:Thycotic.RabbitMq.Helper.Logic.ManagementClients.Rest.Models.PolicyOptions.PolicyApplications.All">
            <summary>
            All
            </summary>
        </member>
        <member name="F:Thycotic.RabbitMq.Helper.Logic.ManagementClients.Rest.Models.PolicyOptions.PolicyApplications.Exchanges">
            <summary>
            The exchanges
            </summary>
        </member>
        <member name="F:Thycotic.RabbitMq.Helper.Logic.ManagementClients.Rest.Models.PolicyOptions.PolicyApplications.Queues">
            <summary>
            The queues
            </summary>
        </member>
        <member name="T:Thycotic.RabbitMq.Helper.Logic.ManagementClients.Rest.Models.PolicyOptions.QueueMasterLocation">
            <summary>
            Supported queue master locations
            </summary>
        </member>
        <member name="F:Thycotic.RabbitMq.Helper.Logic.ManagementClients.Rest.Models.PolicyOptions.QueueMasterLocation.MinMasters">
            <summary>
            Pick the node hosting the minimum number of bound masters
            </summary>
        </member>
        <member name="F:Thycotic.RabbitMq.Helper.Logic.ManagementClients.Rest.Models.PolicyOptions.QueueMasterLocation.ClientLocal">
            <summary>
            Pick the node the client that declares the queue is connected to
            </summary>
        </member>
        <member name="F:Thycotic.RabbitMq.Helper.Logic.ManagementClients.Rest.Models.PolicyOptions.QueueMasterLocation.Random">
            <summary>
            Pick a random node
            </summary>
        </member>
        <member name="T:Thycotic.RabbitMq.Helper.Logic.ManagementClients.Rest.Models.PolicyOptions.FederationUpstreamSets">
            <summary>
            Supported federation upstream sets
            </summary>
        </member>
        <member name="F:Thycotic.RabbitMq.Helper.Logic.ManagementClients.Rest.Models.PolicyOptions.FederationUpstreamSets.All">
            <summary>
            All
            </summary>
        </member>
        <member name="T:Thycotic.RabbitMq.Helper.Logic.ManagementClients.Rest.Models.PolicyOptions.HaSyncModes">
            <summary>
            Supported HA sync modes
            </summary>
        </member>
        <member name="F:Thycotic.RabbitMq.Helper.Logic.ManagementClients.Rest.Models.PolicyOptions.HaSyncModes.Manual">
            <summary>
            This is the default mode. A new queue mirror will not receive existing messages, it will only receive new messages. The new queue mirror will become an exact replica of the master over time, once consumers have drained messages that only exist on the master. If the master queue fails before all unsychronised messages are drained, those messages will be lost. You can fully synchronise a queue manually, refer to unsynchronised mirrors section for details.
            </summary>
        </member>
        <member name="F:Thycotic.RabbitMq.Helper.Logic.ManagementClients.Rest.Models.PolicyOptions.HaSyncModes.Automatic">
            <summary>
            A queue will automatically synchronise when a new mirror joins.It is worth reiterating that queue synchronisation is a blocking operation.If queues are small, or you have a fast network between RabbitMQ nodes and the ha-sync-batch-size was optimised, this is a good choice.
            </summary>
        </member>
        <member name="T:Thycotic.RabbitMq.Helper.Logic.ManagementClients.Rest.Models.PolicyOptions.HaModes">
            <summary>
            Supported HA modes
            </summary>
        </member>
        <member name="F:Thycotic.RabbitMq.Helper.Logic.ManagementClients.Rest.Models.PolicyOptions.HaModes.All">
            <summary>
            Queue is mirrored across all nodes in the cluster. When a new node is added to the cluster, the queue will be mirrored to that node.
            This setting is very conservative, mirroring to a quorum(N/2 + 1) of cluster nodes is recommended instead.Mirroring to all nodes will put additional strain on all cluster nodes, including network I/O, disk I/O and disk space usage.
            </summary>
        </member>
        <member name="F:Thycotic.RabbitMq.Helper.Logic.ManagementClients.Rest.Models.PolicyOptions.HaModes.Exactly">
            <summary>
            Number of queue replicas (master plus mirrors) in the cluster.
            A count value of 1 means just the queue master, with no mirrors.If the node running the queue master becomes unavailable, the behaviour depends on queue durability.
            A count value of 2 means 1 queue master and 1 queue mirror. If the node running the queue master becomes unavailable, the queue mirror will be automatically promoted to master.In conclusion: NumberOfQueueMirrors = NumberOfNodes - 1.
            </summary>
        </member>
        <member name="F:Thycotic.RabbitMq.Helper.Logic.ManagementClients.Rest.Models.PolicyOptions.HaModes.Nodes">
            <summary>
            The nodes
            </summary>
        </member>
        <member name="T:Thycotic.RabbitMq.Helper.Logic.ManagementClients.Rest.RabbitMqRestClient">
            <summary>
            REST management client
            </summary>
        </member>
        <member name="M:Thycotic.RabbitMq.Helper.Logic.ManagementClients.Rest.RabbitMqRestClient.#ctor(System.String,System.String,System.String)">
            <summary>
            Initializes a new instance of the <see cref="T:Thycotic.RabbitMq.Helper.Logic.ManagementClients.Rest.RabbitMqRestClient"/> class.
            </summary>
            <param name="baseUrl">The base URL.</param>
            <param name="userName">Name of the user.</param>
            <param name="password">The password.</param>
        </member>
        <member name="M:Thycotic.RabbitMq.Helper.Logic.ManagementClients.Rest.RabbitMqRestClient.Execute(System.String,RestSharp.Method,System.Object)">
            <summary>
            Executes the specified resource.
            </summary>
            <param name="resource">The resource.</param>
            <param name="method">The method.</param>
            <param name="body">The body.</param>
            <exception cref="T:System.Exception"></exception>
        </member>
        <member name="M:Thycotic.RabbitMq.Helper.Logic.ManagementClients.Rest.RabbitMqRestClient.Execute``1(System.String,RestSharp.Method,System.Object)">
            <summary>
            Executes the specified resource.
            </summary>
            <typeparam name="T"></typeparam>
            <param name="resource">The resource.</param>
            <param name="method">The method.</param>
            <param name="body">The body.</param>
            <returns></returns>
            <exception cref="T:System.Exception"></exception>
        </member>
        <member name="M:Thycotic.RabbitMq.Helper.Logic.ManagementClients.Rest.RabbitMqRestClient.GetAllQueues">
            <inheritdoc />
        </member>
        <member name="M:Thycotic.RabbitMq.Helper.Logic.ManagementClients.Rest.RabbitMqRestClient.DeleteQueue(System.String,System.String)">
            <inheritdoc />
        </member>
        <member name="M:Thycotic.RabbitMq.Helper.Logic.ManagementClients.Rest.RabbitMqRestClient.GetClusterName">
            <inheritdoc />
        </member>
        <member name="M:Thycotic.RabbitMq.Helper.Logic.ManagementClients.Rest.RabbitMqRestClient.GetClusterNodes">
            <inheritdoc />
        </member>
        <member name="M:Thycotic.RabbitMq.Helper.Logic.ManagementClients.Rest.RabbitMqRestClient.GetHealthCheck">
            <inheritdoc />
        </member>
        <member name="M:Thycotic.RabbitMq.Helper.Logic.ManagementClients.Rest.RabbitMqRestClient.CreatePolicy(System.String,System.String,Thycotic.RabbitMq.Helper.Logic.ManagementClients.Rest.Models.Policy)">
            <inheritdoc />
        </member>
        <member name="T:Thycotic.RabbitMq.Helper.Logic.OS.ExternalProcessRunner">
            <summary>
            External process runner
            </summary>
        </member>
        <member name="P:Thycotic.RabbitMq.Helper.Logic.OS.ExternalProcessRunner.EstimatedProcessDuration">
            <summary>
            Gets or sets the duration of the estimated process.
            </summary>
            <value>
            The duration of the estimated process.
            </value>
        </member>
        <member name="M:Thycotic.RabbitMq.Helper.Logic.OS.ExternalProcessRunner.#ctor">
            <summary>
            Initializes a new instance of the <see cref="T:Thycotic.RabbitMq.Helper.Logic.OS.ExternalProcessRunner"/> class.
            </summary>
        </member>
        <member name="M:Thycotic.RabbitMq.Helper.Logic.OS.ExternalProcessRunner.Run(System.Diagnostics.ProcessStartInfo)">
            <summary>
            Runs the specified process information.
            </summary>
            <param name="processInfo">The process information.</param>
            <exception cref="T:System.Exception">
            Process failed
            or
            Process appears to have failed
            </exception>
            <exception cref="T:System.Exception">
            </exception>
        </member>
        <member name="M:Thycotic.RabbitMq.Helper.Logic.OS.ExternalProcessRunner.Run(System.String,System.String,System.String)">
            <summary>
            Runs the specified executable path and returns the output.
            </summary>
            <param name="executablePath">The executable path.</param>
            <param name="workingPath">The working path.</param>
            <param name="parameters">The parameters.</param>
            <exception cref="T:System.Exception">
            Process failed
            or
            Process appears to have failed
            </exception>
            <exception cref="T:System.Exception">
            </exception>
        </member>
        <member name="T:Thycotic.RabbitMq.Helper.Logic.OS.IProcessInteractor">
            <summary>
            Interface for a process interactor
            </summary>
        </member>
        <member name="P:Thycotic.RabbitMq.Helper.Logic.OS.IProcessInteractor.Exists">
            <summary>
            Gets a value indicating whether this <see cref="T:Thycotic.RabbitMq.Helper.Logic.OS.IProcessInteractor"/> is exists.
            </summary>
            <value>
              <c>true</c> if exists; otherwise, <c>false</c>.
            </value>
        </member>
        <member name="P:Thycotic.RabbitMq.Helper.Logic.OS.IProcessInteractor.IsRunning">
            <summary>
            Gets a value indicating whether this instance is running.
            </summary>
            <value>
              <c>true</c> if this instance is running; otherwise, <c>false</c>.
            </value>
        </member>
        <member name="M:Thycotic.RabbitMq.Helper.Logic.OS.IProcessInteractor.SoftStart">
            <summary>
            Starts this instance.
            </summary>
        </member>
        <member name="M:Thycotic.RabbitMq.Helper.Logic.OS.IProcessInteractor.SoftStop">
            <summary>
            Stops this instance.
            </summary>
        </member>
        <member name="M:Thycotic.RabbitMq.Helper.Logic.OS.IProcessInteractor.HardStop">
            <summary>
            Stops the process
            </summary>
        </member>
        <member name="M:Thycotic.RabbitMq.Helper.Logic.OS.IProcessInteractor.Invoke(System.String,System.TimeSpan)">
            <summary>
            Invokes the specified parameters.
            </summary>
            <param name="parameters">The parameters.</param>
            <param name="estimatedProcessDuration">Duration of the estimated process.</param>
            <returns></returns>
        </member>
        <member name="T:Thycotic.RabbitMq.Helper.Logic.Reflection.AssemblyEntryPointProvider">
            <summary>
            Assembly entry point provider
            </summary>
        </member>
        <member name="M:Thycotic.RabbitMq.Helper.Logic.Reflection.AssemblyEntryPointProvider.GetAssemblyDirectory(System.Type)">
            <summary>
            Gets the assembly directory.
            </summary>
            <param name="type">The type.</param>
            <returns></returns>
        </member>
        <member name="T:Thycotic.RabbitMq.Helper.Logic.Workflow.CmdletWorkflow">
            <summary>
            Simple workflow
            </summary>
            <seealso cref="T:System.IDisposable" />
        </member>
        <member name="M:Thycotic.RabbitMq.Helper.Logic.Workflow.CmdletWorkflow.#ctor(System.Management.Automation.Cmdlet,System.String)">
            <summary>
            Initializes a new instance of the <see cref="T:Thycotic.RabbitMq.Helper.Logic.Workflow.CmdletWorkflow"/> class.
            </summary>
            <param name="parent">The parent.</param>
            <param name="activityName">Name of the activity.</param>
        </member>
        <member name="M:Thycotic.RabbitMq.Helper.Logic.Workflow.CmdletWorkflow.Then(System.Action)">
            <summary>
            Thens the specified action.
            </summary>
            <param name="action">The action.</param>
            <returns></returns>
        </member>
        <member name="M:Thycotic.RabbitMq.Helper.Logic.Workflow.CmdletWorkflow.Then(System.Func{System.Management.Automation.Cmdlet})">
            <summary>
            Thens the specified cmdlet.
            </summary>
            <param name="cmdletFactory">The cmdlet factory.</param>
            <returns></returns>
        </member>
        <member name="M:Thycotic.RabbitMq.Helper.Logic.Workflow.CmdletWorkflow.ThenFork(System.Boolean,System.Action{Thycotic.RabbitMq.Helper.Logic.Workflow.CmdletWorkflow},System.Action{Thycotic.RabbitMq.Helper.Logic.Workflow.CmdletWorkflow})">
            <summary>
            Forks the flow.
            </summary>
            <param name="condition">if set to <c>true</c> [condition].</param>
            <param name="actionWhenTrue">The action when true.</param>
            <param name="actionWhenFalse">The action when false.</param>
            <returns></returns>
        </member>
        <member name="M:Thycotic.RabbitMq.Helper.Logic.Workflow.CmdletWorkflow.ReportProgress(System.String,System.Int32)">
            <summary>
            Reports the progress.
            </summary>
            <param name="statusDescription">The status description.</param>
            <param name="percent">The percent.</param>
            <returns></returns>
        </member>
        <member name="M:Thycotic.RabbitMq.Helper.Logic.Workflow.CmdletWorkflow.If(System.Func{System.Boolean})">
            <summary>
            Ifs the specified function.
            </summary>
            <param name="func">The function.</param>
            <returns></returns>
        </member>
        <member name="M:Thycotic.RabbitMq.Helper.Logic.Workflow.CmdletWorkflow.Invoke">
            <summary>
            Invokes this instance.
            </summary>
        </member>
        <member name="M:Thycotic.RabbitMq.Helper.Logic.Workflow.CmdletWorkflow.Dispose">
            <summary>
            Performs application-defined tasks associated with freeing, releasing, or resetting unmanaged resources.
            </summary>
            <exception cref="T:System.NotImplementedException"></exception>
        </member>
    </members>
</doc>
