<?xml version="1.0"?>
<doc>
    <assembly>
        <name>Thycotic.RabbitMq.Helper.PSCommands</name>
    </assembly>
    <members>
        <member name="T:Thycotic.RabbitMq.Helper.PSCommands.Certificate.ConvertCaCerToPemCommand">
            <summary>
                Converts a Certificate Authority cert to a pem. The pem file will be located in the Thycotic RabbitMq Site Connector folder.
            </summary>
            <para type="synopsis">Converts a Certificate Authority cert to a pem.</para>
            <para type="description">The Convert-CaCertToPem cmdlet converts a Certificate Authority cert to a pem.</para>
            <para type="description">The pem file will be located in the Thycotic RabbitMq Site Connector folder.</para>
            <para type="link" uri="http://www.thycotic.com">Thycotic Software Ltd</para>
            <para type="link">Convert-PfxToPem</para>
            <example>
                <para>PS C:\></para> 
                <para>Convert-CaCertToPem -CaCertPath "$PSScriptRoot\..\Examples\sc.cer" -Verbose</para>
            </example>
        </member>
        <member name="F:Thycotic.RabbitMq.Helper.PSCommands.Certificate.ConvertCaCerToPemCommand.CertificatePath">
            <summary>
                The certificate path
            </summary>
        </member>
        <member name="P:Thycotic.RabbitMq.Helper.PSCommands.Certificate.ConvertCaCerToPemCommand.CaCertPath">
            <summary>
                Gets or sets the ca cert path.
            </summary>
            <value>
                The ca cert path.
            </value>
            <para type="description">Gets or sets the ca cert path.</para>
        </member>
        <member name="M:Thycotic.RabbitMq.Helper.PSCommands.Certificate.ConvertCaCerToPemCommand.ProcessRecord">
            <summary>
                Processes the record.
            </summary>
        </member>
        <member name="T:Thycotic.RabbitMq.Helper.PSCommands.Certificate.ConvertPfxToPemCommand">
            <summary>
                Converts a PFX cert to a pem/key combination. The pem file will be located in the Thycotic RabbitMq Site Connector folder.
            </summary>
            <para type="synopsis">Converts a PFX cert to a pem/key combination.</para>
            <para type="description">The Convert-PfxToPem cmdlet converts a PFX cert to a pem/key combination.</para>
            <para type="description">The pem file will be located in the Thycotic RabbitMq Site Connector folder.</para>
            <para type="link" uri="http://www.thycotic.com">Thycotic Software Ltd</para>
            <para type="link">Convert-CaCerToPem</para>
            <example>
                <para>PS C:\></para> 
                <code>Convert-PfxToPem -PfxPath "$PSScriptRoot\..\Examples\sc.pfx" -PfxPassword "password1" -Verbose</code>
            </example>
        </member>
        <member name="F:Thycotic.RabbitMq.Helper.PSCommands.Certificate.ConvertPfxToPemCommand.CertificatePath">
            <summary>
                The certificate path
            </summary>
        </member>
        <member name="F:Thycotic.RabbitMq.Helper.PSCommands.Certificate.ConvertPfxToPemCommand.KeyPath">
            <summary>
                The key path
            </summary>
        </member>
        <member name="P:Thycotic.RabbitMq.Helper.PSCommands.Certificate.ConvertPfxToPemCommand.PfxPath">
            <summary>
                Gets or sets the PFX path.
            </summary>
            <value>
                The PFX path.
            </value>
            <para type="description">Gets or sets the PFX path.</para>
        </member>
        <member name="P:Thycotic.RabbitMq.Helper.PSCommands.Certificate.ConvertPfxToPemCommand.PfxCredential">
            <summary>
                Gets or sets the PFX password. Username part is ignored.
            </summary>
            <value>
                The credential for the PFX.
            </value>
            <para type="description">Gets or set the credential for the PFX. Username part is ignored.</para>
        </member>
        <member name="M:Thycotic.RabbitMq.Helper.PSCommands.Certificate.ConvertPfxToPemCommand.ProcessRecord">
            <summary>
                Processes the record.
            </summary>
        </member>
        <member name="T:Thycotic.RabbitMq.Helper.PSCommands.Clustering.JoinRabbitMqClusterCommand">
            <summary>
                Joins a RabbitMq cluster
            </summary>
            <para type="synopsis"> Joins a RabbitMq cluster</para>
            <para type="description"></para>
            <para type="link" uri="http://www.thycotic.com">Thycotic Software Ltd</para>
            <para type="link">Reset-RabbitMqNodeCommand</para>
            <example>
                <para>PS C:\></para> 
                <code>Join-RabbitMqCluster</code>
            </example>
        </member>
        <member name="P:Thycotic.RabbitMq.Helper.PSCommands.Clustering.JoinRabbitMqClusterCommand.OtherNodeName">
            <summary>
            Gets or sets name of the other node.
            </summary>
            <value>
            The name of the other node.
            </value>
        </member>
        <member name="P:Thycotic.RabbitMq.Helper.PSCommands.Clustering.JoinRabbitMqClusterCommand.FirewallConfigured">
            <summary>
            Gets or sets that the firewall configured.
            </summary>
            <value>
            The firewall configured.
            </value>
            <para type="description">
            Gets or sets that the firewall configured. 
            </para>
        </member>
        <member name="P:Thycotic.RabbitMq.Helper.PSCommands.Clustering.JoinRabbitMqClusterCommand.CookieSet">
            <summary>
            Gets or sets that the cookie is configured.
            </summary>
            <value>
            The cookie set.
            </value>
            <para type="description">
            Gets or sets that the cookie is configured.
            the license.
            </para>
        </member>
        <member name="M:Thycotic.RabbitMq.Helper.PSCommands.Clustering.JoinRabbitMqClusterCommand.ProcessRecord">
            <summary>
                Processes the record.
            </summary>
        </member>
        <member name="T:Thycotic.RabbitMq.Helper.PSCommands.Clustering.SetRabbitMqBalancedClusterPolicyCommand">
            <summary>
                Creates a policy balanced policy on the RabbitMq node
            </summary>
            <para type="synopsis">Deletes all queues in the current instance of RabbitMq</para>
            <para type="description"></para>
            <para type="link" uri="http://www.thycotic.com">Thycotic Software Ltd</para>
            <example>
                <para>PS C:\></para> 
                <code>Set-RabbitMqBalancedOneMirrorManualSyncClusterPolicy</code>
            </example>
        </member>
        <member name="P:Thycotic.RabbitMq.Helper.PSCommands.Clustering.SetRabbitMqBalancedClusterPolicyCommand.SyncBatchSize">
            <summary>
            Since RabbitMQ 3.6.0, masters perform synchronization in batches. Batch can be configured via the ha-sync-batch-size queue argument. Earlier versions will synchronise 1 message at a time by default. By synchronising messages in batches, the synchronisation process can be sped up considerably.
            To choose the right value for ha-sync-batch-size you need to consider: average message size, network throughput between RabbitMQ nodes, net_ticktime value
            For example, if you set ha-sync-batch-size to 50000 messages, and each message in the queue is 1KB, then each synchronisation message between nodes will be ~49MB.You need to make sure that your network between queue mirrors can accomodate this kind of traffic.If the network takes longer than net_ticktime to send one batch of messages, then nodes in the cluster could think they are in the presence of a network partition.
            </summary>
            <value>
            The size of the synchronize batch. Defaults to 400 since worst case message size is 256KB for Thycotic which in turn can be a 100MB synchronisation message.
            </value>
            <para type="description">
            Since RabbitMQ 3.6.0, masters perform synchronization in batches. Batch can be configured via the ha-sync-batch-size queue argument. Earlier versions will synchronise 1 message at a time by default. By synchronising messages in batches, the synchronisation process can be sped up considerably.
            To choose the right value for ha-sync-batch-size you need to consider: average message size, network throughput between RabbitMQ nodes, net_ticktime value
            For example, if you set ha-sync-batch-size to 50000 messages, and each message in the queue is 1KB, then each synchronisation message between nodes will be ~49MB.You need to make sure that your network between queue mirrors can accomodate this kind of traffic.If the network takes longer than net_ticktime to send one batch of messages, then nodes in the cluster could think they are in the presence of a network partition.
            </para>
        </member>
        <member name="P:Thycotic.RabbitMq.Helper.PSCommands.Clustering.SetRabbitMqBalancedClusterPolicyCommand.QueueReplicaCount">
            <summary>
            Number of queue replicas (master plus mirrors) in the cluster.
             A count value of 1 means just the queue master, with no mirrors.If the node running the queue master becomes unavailable, the behavior depends on queue durability.
            A count value of 2 means 1 queue master and 1 queue mirror. If the node running the queue master becomes unavailable, the queue mirror will be automatically promoted to master.In conclusion: NumberOfQueueMirrors = NumberOfNodes - 1
            </summary>
            <value>
            The size of the synchronize batch. Defaults to 400 since worst case message size is 256KB for Thycotic which in turn can be a 100MB synchronization message.
            </value>
            <para type="description">
            Number of queue replicas (master plus mirrors) in the cluster.
            A count value of 1 means just the queue master, with no mirrors.If the node running the queue master becomes unavailable, the behavior depends on queue durability.
            A count value of 2 means 1 queue master and 1 queue mirror. If the node running the queue master becomes unavailable, the queue mirror will be automatically promoted to master.In conclusion: NumberOfQueueMirrors = NumberOfNodes - 1
            </para>
        </member>
        <member name="P:Thycotic.RabbitMq.Helper.PSCommands.Clustering.SetRabbitMqBalancedClusterPolicyCommand.AutomaticSyncMode">
            <summary>
            A queue will automatically synchronize when a new mirror joins. It is worth reiterating that queue synchronization is a blocking operation. If queues are small, or you have a fast network between RabbitMQ nodes and the ha-sync-batch-size was optimized, this is a good choice.
            </summary>
            <value>
            The automatic synchronize mode.
            </value>
            <para type="description">
            A queue will automatically synchronize when a new mirror joins. It is worth reiterating that queue synchronization is a blocking operation. If queues are small, or you have a fast network between RabbitMQ nodes and the ha-sync-batch-size was optimized, this is a good choice.
            </para>
        </member>
        <member name="M:Thycotic.RabbitMq.Helper.PSCommands.Clustering.SetRabbitMqBalancedClusterPolicyCommand.GetPolicy">
            <inheritdoc />
        </member>
        <member name="T:Thycotic.RabbitMq.Helper.PSCommands.Clustering.SetErlangCookieFileCommand">
            <summary>
                Sets the Erlang cookie file contents
            </summary>
            <para type="synopsis">  Sets the Erlang cookie file contents</para>
            <para type="description"></para>
            <para type="link" uri="http://www.thycotic.com">Thycotic Software Ltd</para>
            <example>
                <para>PS C:\></para> 
                <code>Set-ErlangCookieFileCommand -CookieContent "monster"</code>
            </example>
        </member>
        <member name="P:Thycotic.RabbitMq.Helper.PSCommands.Clustering.SetErlangCookieFileCommand.CookieContent">
            <summary>
            Gets or sets the content of the cookie.
            </summary>
            <value>
            The content of the cookie.
            </value>
        </member>
        <member name="M:Thycotic.RabbitMq.Helper.PSCommands.Clustering.SetErlangCookieFileCommand.ProcessRecord">
            <summary>
                Processes the record.
            </summary>
        </member>
        <member name="T:Thycotic.RabbitMq.Helper.PSCommands.Clustering.GetRabbitMqClusterNodesCommand">
            <summary>
                Gets the current cluster name
            </summary>
            <para type="synopsis"> Gets the current cluster name</para>
            <para type="description"></para>
            <para type="link" uri="http://www.thycotic.com">Thycotic Software Ltd</para>
            <example>
                <para>PS C:\></para> 
                <code>Remove-AllQueues</code>
            </example>
        </member>
        <member name="M:Thycotic.RabbitMq.Helper.PSCommands.Clustering.GetRabbitMqClusterNodesCommand.ProcessRecord">
            <summary>
                Processes the record.
            </summary>
        </member>
        <member name="T:Thycotic.RabbitMq.Helper.PSCommands.Clustering.Policy.ClusterPolicyCommand">
            <summary>
            Base class for a cluster policy
            </summary>
            <seealso cref="T:Thycotic.RabbitMq.Helper.PSCommands.RestManagementConsoleCmdlet" />
        </member>
        <member name="P:Thycotic.RabbitMq.Helper.PSCommands.Clustering.Policy.ClusterPolicyCommand.Name">
            <summary>
                Gets or sets the name.
            </summary>
            <value>
                The name.
            </value>
            <para type="description">Gets or sets the name.</para>
        </member>
        <member name="P:Thycotic.RabbitMq.Helper.PSCommands.Clustering.Policy.ClusterPolicyCommand.Pattern">
            <summary>
                Gets or sets the pattern.
            </summary>
            <value>
                The pattern.
            </value>
            <para type="description">Gets or sets the pattern.</para>
        </member>
        <member name="P:Thycotic.RabbitMq.Helper.PSCommands.Clustering.Policy.ClusterPolicyCommand.Priority">
            <summary>
            Priority for the policy. In the event that more than one policy can match a given exchange or queue, the policy with the greatest priority applies.
            </summary>
            <value>
            The priority.
            </value>
            <para type="description">
            Priority for the policy.In the event that more than one policy can match a given exchange or queue, the policy with the greatest priority applies.
            </para>
        </member>
        <member name="M:Thycotic.RabbitMq.Helper.PSCommands.Clustering.Policy.ClusterPolicyCommand.ProcessRecord">
            <summary>
                Processes the record.
            </summary>
        </member>
        <member name="M:Thycotic.RabbitMq.Helper.PSCommands.Clustering.Policy.ClusterPolicyCommand.GetPolicy">
            <summary>
            Gets the policy.
            </summary>
            <returns></returns>
        </member>
        <member name="T:Thycotic.RabbitMq.Helper.PSCommands.Clustering.CopyErlangCookieFileCommand">
            <summary>
                Copies system cookie to user profile.
            </summary>
            <para type="synopsis">Copies system cookie to user profile.</para>
            <para type="description">The Copy-ErlangCookieFile cmdlet copies Erlang cookie.</para>
            <para type="description">Cookie is placed in the current user's profile.</para>
            <para type="link" uri="http://www.thycotic.com">Thycotic Software Ltd</para>
            <example>
                <para>PS C:\></para> 
                <code>Copy-ErlangCookieFile</code>
            </example>
        </member>
        <member name="M:Thycotic.RabbitMq.Helper.PSCommands.Clustering.CopyErlangCookieFileCommand.ProcessRecord">
            <summary>
                Processes the record.
            </summary>
        </member>
        <member name="T:Thycotic.RabbitMq.Helper.PSCommands.Clustering.GetRabbitMqClusterNameCommand">
            <summary>
                Gets the current cluster name
            </summary>
            <para type="synopsis"> Gets the current cluster name</para>
            <para type="description"></para>
            <para type="link" uri="http://www.thycotic.com">Thycotic Software Ltd</para>
            <example>
                <para>PS C:\></para> 
                <code>Remove-AllQueues</code>
            </example>
        </member>
        <member name="M:Thycotic.RabbitMq.Helper.PSCommands.Clustering.GetRabbitMqClusterNameCommand.ProcessRecord">
            <summary>
                Processes the record.
            </summary>
        </member>
        <member name="T:Thycotic.RabbitMq.Helper.PSCommands.General.SelectExceptionCommand">
            <summary>
                Selects the exception as well its inner exceptions. Optionally selects the stack trace
            </summary>
            <para type="synopsis"> Selects the exception as well its inner exceptions. Optionally selects the stack trace</para>
            <para type="description">The Select-Exception cmdlet enumerates the specified exception is generates a list of key-value pairs which could be selected further.</para>
            <para type="link" uri="http://www.thycotic.com">Thycotic Software Ltd</para>
            <example>
                <para>PS C:\></para> 
                <code>try { Assert-RabbitMqConnectivity -UserName test15 -Password test15 -Hostname localhost } catch { Select-Exception $_.Exception}</code>
            </example>
        </member>
        <member name="P:Thycotic.RabbitMq.Helper.PSCommands.General.SelectExceptionCommand.Exception">
            <summary>
                Gets or sets the exception.
            </summary>
            <value>
                The Exception
            </value>
            <para type="description">Gets or sets the exception.</para>
        </member>
        <member name="P:Thycotic.RabbitMq.Helper.PSCommands.General.SelectExceptionCommand.IncludeStackTrace">
            <summary>
            Gets or sets the include stack trace.
            </summary>
            <value>
            The PFX path.
            </value>
            <para type="description">Gets or sets the include stack trace.</para>
        </member>
        <member name="M:Thycotic.RabbitMq.Helper.PSCommands.General.SelectExceptionCommand.ProcessRecord">
            <summary>
                Processes the record.
            </summary>
        </member>
        <member name="T:Thycotic.RabbitMq.Helper.PSCommands.Installation.NewRabbitMqNonTlsConfigFilesCommand">
            <summary>
                Copies RabbitMq non-TLS example configuration file. The configuration file will be located in the Thycotic RabbitMq Site Connector folder.
            </summary>
            <para type="synopsis">Copies RabbitMq non-TLS example configuration file. </para>
            <para type="description">The Copy-RabbitMqExampleNonTlsConfigFile cmdlet copies RabbitMq non-TLS example configuration file.</para>
            <para type="description">The configuration file will be located in the Thycotic RabbitMq Site Connector folder.</para>
            <para type="link" uri="http://www.thycotic.com">Thycotic Software Ltd</para>
            <para type="link">New-RabbitMqTlsConfigFiles</para>
            <example>
                <para>PS C:\></para> 
                <code>New-RabbitMqNonTlsConfigFiles</code>
            </example>
        </member>
        <member name="M:Thycotic.RabbitMq.Helper.PSCommands.Installation.NewRabbitMqNonTlsConfigFilesCommand.ProcessRecord">
            <summary>
                Processes the record.
            </summary>
            <exception cref="T:System.IO.FileNotFoundException">Could not locate sample configuration file</exception>
        </member>
        <member name="M:Thycotic.RabbitMq.Helper.PSCommands.Installation.NewRabbitMqNonTlsConfigFilesCommand.CopyExampleConfigurationFile">
            <summary>
            Copies the example configuration file.
            </summary>
            <exception cref="T:System.IO.FileNotFoundException">Could not locate sample configuration file</exception>
        </member>
        <member name="M:Thycotic.RabbitMq.Helper.PSCommands.Installation.NewRabbitMqNonTlsConfigFilesCommand.CopyAdvancedConfigurationFile">
            <summary>
            Copies the advanced configuration file.
            </summary>
            <exception cref="T:System.NotImplementedException"></exception>
        </member>
        <member name="M:Thycotic.RabbitMq.Helper.PSCommands.Installation.NewRabbitMqNonTlsConfigFilesCommand.GetDefaultConfigurationSettings">
            <summary>
            Gets the default configuration settings.
            </summary>
            <returns></returns>
        </member>
        <member name="T:Thycotic.RabbitMq.Helper.PSCommands.Installation.NewRabbitMqTlsConfigFilesCommand">
            <summary>
                Copies RabbitMq TLS example configuration file. The configuration file will be located in the Thycotic RabbitMq Site Connector folder.
            </summary>
            <para type="synopsis">Copies RabbitMq TLS example configuration file.</para>
            <para type="description">The new-RabbitMqTlsConfigFiles cmdlet copies RabbitMq TLS example configuration file.</para>
            <para type="description">The configuration file will be located in the Thycotic RabbitMq Site Connector folder.</para>
            <para type="link" uri="http://www.thycotic.com">Thycotic Software Ltd</para>
            <para type="link">New-RabbitMqNonTlsConfigFiles</para>
            <example>
                <para>PS C:\></para> 
                <code>New-RabbitMqTlsConfigFiles</code>
            </example>
        </member>
        <member name="M:Thycotic.RabbitMq.Helper.PSCommands.Installation.NewRabbitMqTlsConfigFilesCommand.GetDefaultConfigurationSettings">
            <summary>
            Gets the default configuration settings.
            </summary>
            <returns></returns>
        </member>
        <member name="T:Thycotic.RabbitMq.Helper.PSCommands.Installation.NewRabbitMqConfigDirectoryCommand">
            <summary>
                Creates a RabbitMq configuration directory
            </summary>
            <para type="synopsis">Creates a RabbitMq configuration directory</para>
            <para type="description"></para>
            <para type="link" uri="http://www.thycotic.com">Thycotic Software Ltd</para>
            <example>
                <para>PS C:\></para> 
                <code>New-RabbitMqConfigDirectory</code>
            </example>
        </member>
        <member name="M:Thycotic.RabbitMq.Helper.PSCommands.Installation.NewRabbitMqConfigDirectoryCommand.ProcessRecord">
            <summary>
                Processes the record.
            </summary>
        </member>
        <member name="T:Thycotic.RabbitMq.Helper.PSCommands.Installation.GetErlangInstallerCommand">
            <summary>
                Downloads Erlang
            </summary>
            <para type="synopsis">Downloads Erlang</para>
            <para type="description"></para>
            <para type="link" uri="http://www.thycotic.com">Thycotic Software Ltd</para>
            <para type="link">Get-DownloadLocations</para>
            <para type="link">Get-RabbitMqInstaller</para>
            <para type="link">Install-Erlang</para>
            <example>
                <para>Download from erlang's web site</para>
                <para>PS C:\></para> 
                <code>Get-ErlangInstaller</code>
            </example>
            <example>
                <para>Download from Thycotic's mirror web site</para>
                <para>PS C:\></para> 
                <code>Get-ErlangInstaller -UseThycoticMirror</code>
            </example>
            <example>
                <para>Force download from Thycotic's mirror web site even if the file already exists</para>
                <para>PS C:\></para> 
                <code>Get-ErlangInstaller -UseThycoticMirror -Force</code>
            </example>
        </member>
        <member name="F:Thycotic.RabbitMq.Helper.PSCommands.Installation.GetErlangInstallerCommand.ErlangInstallerPath">
            <summary>
                The erlang installer path
            </summary>
        </member>
        <member name="P:Thycotic.RabbitMq.Helper.PSCommands.Installation.GetErlangInstallerCommand.OfflineErlangInstallerPath">
            <summary>
                Gets or sets the offline erlang installer path.
            </summary>
            <value>
                The offline erlang installer path.
            </value>
            <para type="description">Gets or sets the offline erlang installer path.</para>
        </member>
        <member name="P:Thycotic.RabbitMq.Helper.PSCommands.Installation.GetErlangInstallerCommand.Force">
            <summary>
                Gets or sets a value indicating whether to force download even if the file exists.
            </summary>
            <value>
                <c>true</c> if [force download]; otherwise, <c>false</c>.
            </value>
            <para type="description">Gets or sets a value indicating whether to force download even if the file exists.</para>
        </member>
        <member name="P:Thycotic.RabbitMq.Helper.PSCommands.Installation.GetErlangInstallerCommand.UseThycoticMirror">
            <summary>
                Gets or sets a value indicating whether to use the Thycotic Mirror during download.
            </summary>
            <value>
                <c>true</c> if mirror will be used; otherwise, <c>false</c>.
            </value>
            <para type="description">Gets or sets a value indicating whether to use the Thycotic Mirror during download.</para>
        </member>
        <member name="P:Thycotic.RabbitMq.Helper.PSCommands.Installation.GetErlangInstallerCommand.PrepareForOfflineInstall">
            <summary>
            Gets or sets whether to prepare for offline install.
            </summary>
            <value>
              <c>true</c> if [force download]; otherwise, <c>false</c>.
            </value>
            <para type="description">Gets or sets whether to prepare for offline install.</para>
        </member>
        <member name="M:Thycotic.RabbitMq.Helper.PSCommands.Installation.GetErlangInstallerCommand.ProcessRecord">
            <summary>
                Processes the record.
            </summary>
            <exception cref="T:System.IO.FileNotFoundException">Installer does not exist</exception>
        </member>
        <member name="T:Thycotic.RabbitMq.Helper.PSCommands.Installation.GetRabbitMqInstallerCommand">
            <summary>
                Downloads RabbitMq
            </summary>
            <para type="synopsis">Downloads RabbitMq</para>
            <para type="description"></para>
            <para type="link" uri="http://www.thycotic.com">Thycotic Software Ltd</para>
            <para type="link">Get-DownloadLocations</para>
            <para type="link">Get-ErlangInstaller</para>
            <para type="link">Install-RabbitMq</para>
            <example>
                <para>Download from rabbitmq's web site</para>
                <para>PS C:\></para> 
                <code>Get-RabbitMqInstaller</code>
            </example>
            <example>
                <para>Download from Thycotic's mirror web site</para>
                <para>PS C:\></para> 
                <code>Get-RabbitMqInstaller -UseThycoticMirror</code>
            </example>
            <example>
                <para>Force download from Thycotic's mirror web site even if the file already exists</para>
                <para>PS C:\></para> 
                <code>Get-RabbitMqInstaller -UseThycoticMirror -Force</code>
            </example>
        </member>
        <member name="F:Thycotic.RabbitMq.Helper.PSCommands.Installation.GetRabbitMqInstallerCommand.RabbitMqInstallerPath">
            <summary>
                The rabbit mq installer path
            </summary>
        </member>
        <member name="P:Thycotic.RabbitMq.Helper.PSCommands.Installation.GetRabbitMqInstallerCommand.OfflineRabbitMqInstallerPath">
            <summary>
                Gets or sets the offline rabbit mq installer path.
            </summary>
            <value>
                The offline rabbit mq installer path.
            </value>
            <para type="description">Gets or sets the offline rabbit mq installer path.</para>
        </member>
        <member name="P:Thycotic.RabbitMq.Helper.PSCommands.Installation.GetRabbitMqInstallerCommand.Force">
            <summary>
                Gets or sets a value indicating whether to force download even the file exists.
            </summary>
            <value>
                <c>true</c> if [force download]; otherwise, <c>false</c>.
            </value>
            <para type="description">Gets or sets a value indicating whether to force download even the file exists.</para>
        </member>
        <member name="P:Thycotic.RabbitMq.Helper.PSCommands.Installation.GetRabbitMqInstallerCommand.UseThycoticMirror">
            <summary>
                Gets or sets a value indicating whether to use the Thycotic Mirror during download.
            </summary>
            <value>
                <c>true</c> if mirror will be used; otherwise, <c>false</c>.
            </value>
            <para type="description">Gets or sets a value indicating whether to use the Thycotic Mirror during download.</para>
        </member>
        <member name="P:Thycotic.RabbitMq.Helper.PSCommands.Installation.GetRabbitMqInstallerCommand.PrepareForOfflineInstall">
            <summary>
            Gets or sets whether to prepare for offline install.
            </summary>
            <value>
              <c>true</c> if [force download]; otherwise, <c>false</c>.
            </value>
            <para type="description">Gets or sets whether to prepare for offline install.</para>
        </member>
        <member name="M:Thycotic.RabbitMq.Helper.PSCommands.Installation.GetRabbitMqInstallerCommand.ProcessRecord">
            <summary>
                Processes the record.
            </summary>
            <exception cref="T:System.IO.FileNotFoundException">Installer does not exist</exception>
        </member>
        <member name="T:Thycotic.RabbitMq.Helper.PSCommands.Installation.Workflow.InstallConnectorCommand">
            <summary>
                Installs the site connector
            </summary>
            <para type="synopsis">Installs the site connector. </para>
            <para type="description">The Install-Connector cmdlet is designed to make the installation of a non-TLS and TLS site connector.</para>
            <para type="description">
                It will install both Erlang and RabbitMq provided that the appropriate parameters are
                supplied.
            </para>
            <para type="description">
                The cmdlet requires that a basic user also be created. This user is strictly for putting and
                pulling messages from RabbitMq.
            </para>
            <para type="link">Convert-CaCertToPem</para>
            <para type="link">Convert-PfxToPem</para>
            <para type="link">Get-DownloadLocations</para>
            <para type="link">Get-ErlangInstaller</para>
            <para type="link">Get-RabbitMqInstaller</para>
            <para type="link">Install-Erlang</para>
            <para type="link">Install-RabbitMq</para>
            <para type="link">New-RabbitMqConfigDirectory</para>
            <para type="link">New-RabbitMqNonTlsConfigFiles</para>
            <para type="link">New-RabbitMqTlsConfigFiles</para>
            <para type="link">Set-ErlangHomeEnvironmentalVariable</para>
            <para type="link">Set-RabbitMqBaseEnvironmentalVariable</para>
            <para type="link">Uninstall-Connector</para>
            <para type="link">Uninstall-Erlang</para>
            <para type="link">Uninstall-RabbitMq</para>
            <example>
                <para>The most basic use case to install RabbitMq is to have a single node without using encryption.</para>
                <para>This is generally useful during development or during POC stages.</para>
                <para>To do so, you could use the following:</para>
                <para>PS C:\></para> 
                <code>Install-Connector -agreeErlangLicense -agreeRabbitMqLicense</code>
            </example>
        </member>
        <member name="P:Thycotic.RabbitMq.Helper.PSCommands.Installation.Workflow.InstallConnectorCommand.AgreeRabbitMqLicense">
            <summary>
                Gets or sets the agree rabbit mq license. If omitted, the user will not be prompted to agree to the license.
            </summary>
            <value>
                The agree rabbit mq license.
            </value>
            <para type="description">
                Gets or sets the agree rabbit mq license. If omitted, the user will not be prompted to agree
                to the license.
            </para>
        </member>
        <member name="P:Thycotic.RabbitMq.Helper.PSCommands.Installation.Workflow.InstallConnectorCommand.AgreeErlangLicense">
            <summary>
                Gets or sets the agree Erlang license. If omitted, the user will not be prompted to agree to the license.
            </summary>
            <value>
                The agree Erlang license.
            </value>
            <para type="description">
                Gets or sets the agree Erlang license. If omitted, the user will not be prompted to agree to
                the license.
            </para>
        </member>
        <member name="P:Thycotic.RabbitMq.Helper.PSCommands.Installation.Workflow.InstallConnectorCommand.OfflineErlangInstallerPath">
            <summary>
                Gets or sets the offline Erlang installer path. If omitted, the installer will be downloaded.
            </summary>
            <value>
                The offline Erlang installer path.
            </value>
            <para type="description">Gets or sets the offline Erlang installer path. If omitted, the installer will be downloaded.</para>
        </member>
        <member name="P:Thycotic.RabbitMq.Helper.PSCommands.Installation.Workflow.InstallConnectorCommand.OfflineRabbitMqInstallerPath">
            <summary>
                Gets or sets the offline RabbitMq installer path to use. If omitted, the installer will be downloaded.
            </summary>
            <value>
                The offline RabbitMq installer path to use.
            </value>
            <para type="description">
                Gets or sets the offline RabbitMq installer path to use. If omitted, the installer will be
                downloaded.
            </para>
        </member>
        <member name="P:Thycotic.RabbitMq.Helper.PSCommands.Installation.Workflow.InstallConnectorCommand.ForceDownload">
            <summary>
                Gets or sets a value indicating whether force download (even they already exist) the pre-requisites. This value has
                no effect when using an offline installer.
            </summary>
            <value>
                <c>true</c> if [force download]; otherwise, <c>false</c>.
            </value>
            <para type="description">
                Gets or sets a value indicating whether force download (even they already exist) the
                pre-requisites. This value has no effect when using an offline installer.
            </para>
        </member>
        <member name="P:Thycotic.RabbitMq.Helper.PSCommands.Installation.Workflow.InstallConnectorCommand.UseThycoticMirror">
            <summary>
                Gets or sets a value indicating whether to use the Thycotic Mirror even if the file exists.
            </summary>
            <value>
                <c>true</c> if mirror will be used; otherwise, <c>false</c>.
            </value>
            <para type="description">Gets or sets a value indicating whether to use the Thycotic Mirror even if the file exists.</para>
        </member>
        <member name="P:Thycotic.RabbitMq.Helper.PSCommands.Installation.Workflow.InstallConnectorCommand.Credential">
            <summary>
                Gets or sets the credential of the rabbit mq user.
            </summary>
            <value>
                The credential of the rabbit mq user.
            </value>
            <para type="description">Gets or sets the name of the rabbit mq user.</para>
        </member>
        <member name="P:Thycotic.RabbitMq.Helper.PSCommands.Installation.Workflow.InstallConnectorCommand.UseTls">
            <summary>
                Gets or sets whether to use TLS or not.
            </summary>
            <value>
                The use TLS.
            </value>
            <para type="description">Gets or sets whether to use TLS or not.</para>
        </member>
        <member name="P:Thycotic.RabbitMq.Helper.PSCommands.Installation.Workflow.InstallConnectorCommand.Hostname">
            <summary>
                Gets or sets the hostname or FQDN of the server which will host the RabbitMq node.
            </summary>
            <value>
                The hostname.
            </value>
            <para type="description">Gets or sets the hostname or FQDN of the server which will host the RabbitMq node.</para>
        </member>
        <member name="P:Thycotic.RabbitMq.Helper.PSCommands.Installation.Workflow.InstallConnectorCommand.CaCertPath">
            <summary>
                Gets or sets the CA certificate path. This certificate is use to establish the trust chain to the CA.
            </summary>
            <value>
                The ca cert path.
            </value>
            <para type="description">
                Gets or sets the CA certificate path. This certificate is use to establish the trust chain to
                the CA.
            </para>
        </member>
        <member name="P:Thycotic.RabbitMq.Helper.PSCommands.Installation.Workflow.InstallConnectorCommand.PfxPath">
            <summary>
                Gets or sets the PFX path. This could be a self-signed or a certificate from a public CA.
                If self-signed, the certificate should be installed on all client/engine machines. It does NOT to be installed on
                the RabbitMq node.
            </summary>
            <value>
                The PFX path.
            </value>
            <para type="description">Gets or sets the PFX path. This could be a self-signed or a certificate from a public CA.</para>
            <para type="description">
                If self-signed, the certificate should be installed on all client/engine machines. It does NOT
                to be installed on the RabbitMq node.
            </para>
        </member>
        <member name="P:Thycotic.RabbitMq.Helper.PSCommands.Installation.Workflow.InstallConnectorCommand.PfxCredential">
            <summary>
                Gets or sets the PFX password. Username part is ignored.
            </summary>
            <value>
                The credential for the PFX.
            </value>
            <para type="description">Gets or set the credential for the PFX. Username part is ignored.</para>
        </member>
        <member name="M:Thycotic.RabbitMq.Helper.PSCommands.Installation.Workflow.InstallConnectorCommand.ProcessRecord">
            <summary>
                Processes the record.
            </summary>
        </member>
        <member name="T:Thycotic.RabbitMq.Helper.PSCommands.Installation.Workflow.UninstallConnectorCommand">
            <summary>
                Uninstalls Erlang and RabbitMq
            </summary>
            <para type="synopsis">Uninstalls Erlang and RabbitMq</para>
            <para type="description"></para>
            <para type="link" uri="http://www.thycotic.com">Thycotic Software Ltd</para>
            <para type="link">Uninstall-Erlang</para>
            <para type="link">Uninstall-RabbitMq</para>
            <para type="link">Install-Connector</para>
            <example>
                <para>PS C:\></para> 
                <code>Uninstall-Connector</code>
            </example>
        </member>
        <member name="M:Thycotic.RabbitMq.Helper.PSCommands.Installation.Workflow.UninstallConnectorCommand.ProcessRecord">
            <summary>
                Processes the record.
            </summary>
        </member>
        <member name="T:Thycotic.RabbitMq.Helper.PSCommands.Installation.InstallErlangCommand">
            <summary>
                Installs Erlang
            </summary>
            <para type="synopsis">Installs Erlang</para>
            <para type="description">The Install-Erlang cmdlet will attempt to load the installed from Path.Combine(Path.GetTempPath(), "erlang.exe");</para>
            <para type="link" uri="http://www.thycotic.com">Thycotic Software Ltd</para>
            <para type="link">Get-ErlangInstaller</para>
            <example>
                <para>PS C:\></para> 
                <code>Install-Erlang</code>
            </example>
        </member>
        <member name="M:Thycotic.RabbitMq.Helper.PSCommands.Installation.InstallErlangCommand.ProcessRecord">
            <summary>
                Processes the record.
            </summary>
            <exception cref="T:System.IO.FileNotFoundException">No installer found</exception>
        </member>
        <member name="T:Thycotic.RabbitMq.Helper.PSCommands.Installation.InstallRabbitMqCommand">
            <summary>
                Installs RabbitMq
            </summary>
            <para type="synopsis">Installs RabbitMq</para>
            <para type="description">The Install-RabbitMq cmdlet will attempt to load the installed from Path.Combine(Path.GetTempPath(), "rabbitMq.exe");</para>
            <para type="link" uri="http://www.thycotic.com">Thycotic Software Ltd</para>
            <para type="link">Get-RabbitMqInstaller</para>
            <example>
                <para>PS C:\></para> 
                <code>Install-RabbitMq</code>
            </example>
        </member>
        <member name="M:Thycotic.RabbitMq.Helper.PSCommands.Installation.InstallRabbitMqCommand.ProcessRecord">
            <summary>
                Processes the record.
            </summary>
            <exception cref="T:System.Exception">The RABBITMQ_BASE environmental variable is not set correctly</exception>
            <exception cref="T:System.IO.FileNotFoundException">No installer found</exception>
        </member>
        <member name="T:Thycotic.RabbitMq.Helper.PSCommands.Installation.GetDownloadLocationsCommand">
            <summary>
                Gets download locations for Erlang and RabbitMq (most helpful when needing to do offline installation)
            </summary>
            <para type="synopsis">Gets download locations for Erlang and RabbitMq (most helpful when needing to do offline installation)</para>
            <para type="description"></para>
            <para type="link" uri="http://www.thycotic.com">Thycotic Software Ltd</para>
            <para type="link">Get-ErlangInstaller</para>
            <para type="link">Get-RabbitMqInstaller</para>
            <example>
                <para>PS C:\></para> 
                <code>Get-DownloadLocations</code>
            </example>
            <example>
                <para>PS C:\></para> 
                <code>Get-DownloadLocations -UseThycoticMirror</code>
            </example>
        </member>
        <member name="P:Thycotic.RabbitMq.Helper.PSCommands.Installation.GetDownloadLocationsCommand.UseThycoticMirror">
            <summary>
                Gets or sets a value indicating whether to use the Thycotic Mirror even if the file exists.
            </summary>
            <value>
                <c>true</c> if mirror will be used; otherwise, <c>false</c>.
            </value>
            <para type="description">Gets or sets a value indicating whether to use the Thycotic Mirror even if the file exists.</para>
        </member>
        <member name="M:Thycotic.RabbitMq.Helper.PSCommands.Installation.GetDownloadLocationsCommand.ProcessRecord">
            <summary>
                Processes the record.
            </summary>
        </member>
        <member name="T:Thycotic.RabbitMq.Helper.PSCommands.Installation.SetErlangHomeEnvironmentalVariableCommand">
            <summary>
                Sets the ERLANG_HOME environmental variable
            </summary>
            <para type="synopsis">Sets the ERLANG_HOME environmental variable</para>
            <para type="description"></para>
            <para type="link" uri="http://www.thycotic.com">Thycotic Software Ltd</para>
            <example>
                <para>PS C:\></para> 
                <code>Set-ErlangHomeEnvironmentalVariable</code>
            </example>
        </member>
        <member name="F:Thycotic.RabbitMq.Helper.PSCommands.Installation.SetErlangHomeEnvironmentalVariableCommand.ErlangHomeEnvironmentalVariableName">
            <summary>
                The erlang home environmental variable name
            </summary>
        </member>
        <member name="M:Thycotic.RabbitMq.Helper.PSCommands.Installation.SetErlangHomeEnvironmentalVariableCommand.ProcessRecord">
            <summary>
                Processes the record.
            </summary>
        </member>
        <member name="T:Thycotic.RabbitMq.Helper.PSCommands.Installation.SetRabbitMqBaseEnvironmentalVariableCommand">
            <summary>
                Sets the RABBITMQ_BASE environmental variable
            </summary>
            <para type="synopsis">Sets the RABBITMQ_BASE environmental variable</para>
            <para type="description"></para>
            <para type="link" uri="http://www.thycotic.com">Thycotic Software Ltd</para>
            <example>
                <para>PS C:\></para> 
                <code>Set-RabbitMqBaseEnvironmentalVariable</code>
            </example>
        </member>
        <member name="F:Thycotic.RabbitMq.Helper.PSCommands.Installation.SetRabbitMqBaseEnvironmentalVariableCommand.RabbitMqBaseEnvironmentalVariableName">
            <summary>
                The rabbit mq base environmental variable name
            </summary>
        </member>
        <member name="M:Thycotic.RabbitMq.Helper.PSCommands.Installation.SetRabbitMqBaseEnvironmentalVariableCommand.ProcessRecord">
            <summary>
                Processes the record.
            </summary>
        </member>
        <member name="T:Thycotic.RabbitMq.Helper.PSCommands.Installation.UninstallErlangCommand">
            <summary>
                Uninstalls prior installation of Erlang
            </summary>
            <para type="synopsis">Uninstalls prior installation of Erlang</para>
            <para type="description"></para>
            <para type="link" uri="http://www.thycotic.com">Thycotic Software Ltd</para>
            <para type="link">Uninstall-RabbitMq</para>
            <para type="link">Install-Connector</para>
            <example>
                <para>PS C:\></para> 
                <code>Uninstall-Erlang</code>
            </example>
        </member>
        <member name="M:Thycotic.RabbitMq.Helper.PSCommands.Installation.UninstallErlangCommand.ProcessRecord">
            <summary>
                Processes the record.
            </summary>
        </member>
        <member name="T:Thycotic.RabbitMq.Helper.PSCommands.Installation.UninstallRabbitMqCommand">
            <summary>
                Uninstalls prior installation of RabbitMq
            </summary>
            <para type="synopsis">Uninstalls prior installation of RabbitMq</para>
            <para type="description"></para>
            <para type="link" uri="http://www.thycotic.com">Thycotic Software Ltd</para>
            <para type="link">Uninstall-Erlang</para>
            <para type="link">Install-Connector</para>
            <example>
                <para>PS C:\></para> 
                <code>Uninstall-RabbitMq</code>
            </example>
        </member>
        <member name="M:Thycotic.RabbitMq.Helper.PSCommands.Installation.UninstallRabbitMqCommand.ProcessRecord">
            <summary>
                Processes the record.
            </summary>
        </member>
        <member name="T:Thycotic.RabbitMq.Helper.PSCommands.Management.AssertRabbitMqIsRunningCommand">
            <summary>
                Validates RabbitMq is running on the current host.
            </summary>
            <para type="synopsis">Validates RabbitMq is running on the current host.</para>
            <para type="description">The Assert-RabbitIsRunning attempts read the status of RabbitMq.</para>
            <para type="link" uri="http://www.thycotic.com">Thycotic Software Ltd</para>
            <example>
                <para>PS C:\></para> 
                <code>Assert-RabbitIsRunning</code>
            </example>
        </member>
        <member name="M:Thycotic.RabbitMq.Helper.PSCommands.Management.AssertRabbitMqIsRunningCommand.ProcessRecord">
            <summary>
                Processes the record.
            </summary>
        </member>
        <member name="T:Thycotic.RabbitMq.Helper.PSCommands.Management.GetRabbitMqQueuesCommand">
            <summary>
                Gets all queues in the cluster.
            </summary>
            <para type="synopsis">Gets all queues in the cluster.</para>
            <para type="description"></para>
            <para type="link" uri="http://www.thycotic.com">Thycotic Software Ltd</para>
            <example>
                <para>PS C:\></para> 
                <code>Get-RabbitMqQueues</code>
            </example>
        </member>
        <member name="M:Thycotic.RabbitMq.Helper.PSCommands.Management.GetRabbitMqQueuesCommand.ProcessRecord">
            <summary>
                Processes the record.
            </summary>
        </member>
        <member name="T:Thycotic.RabbitMq.Helper.PSCommands.Management.ResetRabbitMqNodeCommand">
            <summary>
                Resets a RabbitMq node and removes it from a cluster if any.
            </summary>
            <para type="synopsis">Resets a RabbitMq node and removes it from a cluster if any.</para>
            <para type="description"></para>
            <para type="link" uri="http://www.thycotic.com">Thycotic Software Ltd</para>
            <example>
                <para>PS C:\></para> 
                <code>Reset-RabbitMqNodeCommand</code>
            </example>
        </member>
        <member name="P:Thycotic.RabbitMq.Helper.PSCommands.Management.ResetRabbitMqNodeCommand.Force">
            <summary>
                Gets or sets a value indicating whether to force reset and avoid prompting.
            </summary>
            <value>
                <c>true</c> if [force reset]; otherwise, <c>false</c>.
            </value>
            <para type="description">Gets or sets a value indicating whether to force reset and avoid prompting.</para>
        </member>
        <member name="M:Thycotic.RabbitMq.Helper.PSCommands.Management.ResetRabbitMqNodeCommand.ProcessRecord">
            <summary>
                Processes the record.
            </summary>
        </member>
        <member name="T:Thycotic.RabbitMq.Helper.PSCommands.Management.StartRabbitMqCommand">
            <summary>
                Starts RabbitMq
            </summary>
            <para type="synopsis">Starts RabbitMq</para>
            <para type="description">The Stop-RabbitMq cmdlet starts RabbitMq.</para>
            <para type="link" uri="http://www.thycotic.com">Thycotic Software Ltd</para>
            <example>
                <para>PS C:\></para> 
                <code>Start-RabbitMq</code>
            </example>
        </member>
        <member name="M:Thycotic.RabbitMq.Helper.PSCommands.Management.StartRabbitMqCommand.ProcessRecord">
            <summary>
                Processes the record.
            </summary>
        </member>
        <member name="T:Thycotic.RabbitMq.Helper.PSCommands.Management.StopRabbitMqCommand">
            <summary>
                Stops RabbitMq
            </summary>
            <para type="synopsis">Stops RabbitMq</para>
            <para type="description">The Stop-RabbitMq cmdlet stops RabbitMq.</para>
            <para type="link" uri="http://www.thycotic.com">Thycotic Software Ltd</para>
            <example>
                <para>PS C:\></para> 
                <code>Stop-RabbitMq</code>
            </example>
        </member>
        <member name="P:Thycotic.RabbitMq.Helper.PSCommands.Management.StopRabbitMqCommand.StopErlangNode">
            <summary>
               Stops the RabbitMq Erlang node.
            </summary>
            <value>
                The agree rabbit mq license.
            </value>
            <para type="description">
                Gets or sets whether the Erlang node should be stopped as well.
            </para>
        </member>
        <member name="M:Thycotic.RabbitMq.Helper.PSCommands.Management.StopRabbitMqCommand.ProcessRecord">
            <summary>
                Processes the record.
            </summary>
        </member>
        <member name="T:Thycotic.RabbitMq.Helper.PSCommands.Management.RequestRabbitMqHealthCheckCommand">
            <summary>
                Runs basic healthchecks in the current node. Checks that the rabbit application is running, channels and queues can be listed successfully, and that no alarms are in effect. 
            </summary>
            <para type="synopsis">Runs basic healthchecks in the current node. Checks that the rabbit application is running, channels and queues can be listed successfully, and that no alarms are in effect. </para>
            <para type="description"></para>
            <para type="link" uri="http://www.thycotic.com">Thycotic Software Ltd</para>
            <example>
                <para>PS C:\></para> 
                <code>Remove-AllQueues</code>
            </example>
        </member>
        <member name="M:Thycotic.RabbitMq.Helper.PSCommands.Management.RequestRabbitMqHealthCheckCommand.ProcessRecord">
            <summary>
                Processes the record.
            </summary>
        </member>
        <member name="T:Thycotic.RabbitMq.Helper.PSCommands.Management.OpenRabbitMqManagementCommand">
            <summary>
               Opens the RabbitMq management plugin (https://www.rabbitmq.com/management.html)
            </summary>
            <para type="synopsis"> Opens the RabbitMq management plugin (https://www.rabbitmq.com/management.html)</para>
            <para type="description"></para>
            <para type="link" uri="http://www.thycotic.com">Thycotic Software Ltd</para>
            <example>
                <para>PS C:\></para> 
                <code>Enable-RabbitMqManagementPlugin</code>
            </example>
        </member>
        <member name="M:Thycotic.RabbitMq.Helper.PSCommands.Management.OpenRabbitMqManagementCommand.ProcessRecord">
            <summary>
                Processes the record.
            </summary>
        </member>
        <member name="T:Thycotic.RabbitMq.Helper.PSCommands.Management.GrantRabbitMqUserPermissionCommand">
            <summary>
                Grants a RabbitMq permissions
            </summary>
            <para type="synopsis">Grants a RabbitMq permissions</para>
            <para type="description"></para>
            <para type="link" uri="http://www.thycotic.com">Thycotic Software Ltd</para>
            <example>
                <para>PS C:\></para> 
                <code>New-BasicRabbitMqUser</code>
            </example>
        </member>
        <member name="P:Thycotic.RabbitMq.Helper.PSCommands.Management.GrantRabbitMqUserPermissionCommand.VirtualHost">
            <summary>
            Gets or sets the virtual host.
            </summary>
            <value>
            The virtual host.
            </value>
            <para type="description">Gets or sets the virtual host.</para>
        </member>
        <member name="P:Thycotic.RabbitMq.Helper.PSCommands.Management.GrantRabbitMqUserPermissionCommand.UserName">
            <summary>
                Gets or sets the name of the rabbit mq user.
            </summary>
            <value>
                The name of the rabbit mq user.
            </value>
            <para type="description">Gets or sets the name of the rabbit mq user.</para>
        </member>
        <member name="M:Thycotic.RabbitMq.Helper.PSCommands.Management.GrantRabbitMqUserPermissionCommand.#ctor">
            <summary>
            Initializes a new instance of the <see cref="T:Thycotic.RabbitMq.Helper.PSCommands.Management.GrantRabbitMqUserPermissionCommand"/> class.
            </summary>
        </member>
        <member name="M:Thycotic.RabbitMq.Helper.PSCommands.Management.GrantRabbitMqUserPermissionCommand.ProcessRecord">
            <summary>
                Processes the record.
            </summary>
            <exception cref="T:System.Exception">
                Failed to create user. Manual creation might be necessary
                or
                Failed to grant permissions to user. Manual grant might be necessary
            </exception>
        </member>
        <member name="T:Thycotic.RabbitMq.Helper.PSCommands.Management.EnableRabbitMqManagementCommand">
            <summary>
                Enables the RabbitMq management plugin (https://www.rabbitmq.com/management.html)
            </summary>
            <para type="synopsis"> Enables the RabbitMq management plugin (https://www.rabbitmq.com/management.html)</para>
            <para type="description"></para>
            <para type="link" uri="http://www.thycotic.com">Thycotic Software Ltd</para>
            <example>
                <para>PS C:\></para> 
                <code>Enable-RabbitMqManagement</code>
            </example>
        </member>
        <member name="M:Thycotic.RabbitMq.Helper.PSCommands.Management.EnableRabbitMqManagementCommand.ProcessRecord">
            <summary>
                Processes the record.
            </summary>
        </member>
        <member name="T:Thycotic.RabbitMq.Helper.PSCommands.Management.NewRabbitMqUserCommand">
            <summary>
                Adds a basic user to RabbitMq. This user has no permissions
            </summary>
            <para type="synopsis">Adds a basic user to RabbitMq. This user has no permissions</para>
            <para type="description"></para>
            <para type="link" uri="http://www.thycotic.com">Thycotic Software Ltd</para>
            <example>
                <para>PS C:\></para> 
                <code>New-RabbitMqUser</code>
            </example>
        </member>
        <member name="P:Thycotic.RabbitMq.Helper.PSCommands.Management.NewRabbitMqUserCommand.Credential">
            <summary>
                Gets or sets the credential of the rabbit mq user.
            </summary>
            <value>
                The credential of the rabbit mq user.
            </value>
            <para type="description">Gets or sets the credential of the rabbit mq user.</para>
        </member>
        <member name="M:Thycotic.RabbitMq.Helper.PSCommands.Management.NewRabbitMqUserCommand.ProcessRecord">
            <summary>
                Processes the record.
            </summary>
            <exception cref="T:System.Exception">
                Failed to create user. Manual creation might be necessary
                or
                Failed to grant permissions to user. Manual grant might be necessary
            </exception>
        </member>
        <member name="T:Thycotic.RabbitMq.Helper.PSCommands.Management.RemoveRabbitMqQueuesCommand">
            <summary>
                Removes all non-autodelete and non-exclusive queues in the RabbitMq cluster.
            </summary>
            <para type="synopsis">Removes all non-autodelete and non-exclusive queues in the RabbitMq cluster.</para>
            <para type="description"></para>
            <para type="link" uri="http://www.thycotic.com">Thycotic Software Ltd</para>
            <example>
                <para>PS C:\></para> 
                <code>Remove-RabbitMqQueues</code>
            </example>
        </member>
        <member name="M:Thycotic.RabbitMq.Helper.PSCommands.Management.RemoveRabbitMqQueuesCommand.ProcessRecord">
            <summary>
                Processes the record.
            </summary>
        </member>
        <member name="T:Thycotic.RabbitMq.Helper.PSCommands.Management.GetRabbitMqLogCommand">
            <summary>
                Selects the tail of the RabbitMq log
            </summary>
            <para type="synopsis">Selects the tail of the RabbitMq log</para>
            <para type="description"></para>
            <para type="link" uri="http://www.thycotic.com">Thycotic Software Ltd</para>
            <para type="link">Get-RabbitMqSaslLog</para>
            <example>
                <para>PS C:\></para> 
                <code>Get-RabbitMqLog</code>
            </example>
        </member>
        <member name="M:Thycotic.RabbitMq.Helper.PSCommands.Management.GetRabbitMqLogCommand.#ctor">
            <summary>
                Initializes a new instance of the <see cref="T:Thycotic.RabbitMq.Helper.PSCommands.Management.GetRabbitMqLogCommand" /> class.
            </summary>
        </member>
        <member name="P:Thycotic.RabbitMq.Helper.PSCommands.Management.GetRabbitMqLogCommand.Count">
            <summary>
                Gets or sets the count.
            </summary>
            <value>
                The count.
            </value>
            <para type="description">Gets or sets the count.</para>
        </member>
        <member name="M:Thycotic.RabbitMq.Helper.PSCommands.Management.GetRabbitMqLogCommand.ProcessRecord">
            <summary>
                Processes the record.
            </summary>
        </member>
        <member name="T:Thycotic.RabbitMq.Helper.PSCommands.Management.AssertRabbitMqConnectivityCommand">
            <summary>
                Validates connectivity to RabbitMq
            </summary>
            <para type="synopsis">Validates connectivity to RabbitMq</para>
            <para type="description">The Assert-RabbitMqConnectivity attempts to connect to RabbitMq the same way a Distributed Engine or Secret Server would.</para>
            <para type="link" uri="http://www.thycotic.com">Thycotic Software Ltd</para>
            <example>
                <para>PS C:\></para> 
                <code>Assert-RabbitMqConnectivity</code>
            </example>
        </member>
        <member name="P:Thycotic.RabbitMq.Helper.PSCommands.Management.AssertRabbitMqConnectivityCommand.UseTls">
            <summary>
                Gets or sets the use TLS.
            </summary>
            <value>
                The use TLS.
            </value>
            <para type="description">Gets or sets the use TLS.</para>
        </member>
        <member name="P:Thycotic.RabbitMq.Helper.PSCommands.Management.AssertRabbitMqConnectivityCommand.Hostname">
            <summary>
                Gets or sets the hostname.
            </summary>
            <value>
                The hostname.
            </value>
            <para type="description">Gets or sets the hostname.</para>
        </member>
        <member name="P:Thycotic.RabbitMq.Helper.PSCommands.Management.AssertRabbitMqConnectivityCommand.Credential">
            <summary>
                Gets or sets the credential of the rabbit mq user.
            </summary>
            <value>
                The credential of the rabbit mq user.
            </value>
            <para type="description">Gets or sets the credential of the rabbit mq user.</para>
        </member>
        <member name="M:Thycotic.RabbitMq.Helper.PSCommands.Management.AssertRabbitMqConnectivityCommand.ProcessRecord">
            <summary>
                Processes the record.
            </summary>
        </member>
        <member name="T:Thycotic.RabbitMq.Helper.PSCommands.RestManagementConsoleCmdlet">
            <summary>
                Base class for a management console command
            </summary>
        </member>
        <member name="P:Thycotic.RabbitMq.Helper.PSCommands.RestManagementConsoleCmdlet.BaseUrl">
            <summary>
            Gets or sets the base URL.
            </summary>
            <value>
            The base URL.
            </value>
        </member>
        <member name="P:Thycotic.RabbitMq.Helper.PSCommands.RestManagementConsoleCmdlet.AdminCredential">
            <summary>
                Gets or sets the credential of the rabbit mq administrator user.
            </summary>
            <value>
                The credential of the rabbit mq user.
            </value>
            <para type="description">Gets or sets the credential of the rabbit mq user.</para>
        </member>
        <member name="M:Thycotic.RabbitMq.Helper.PSCommands.RestManagementConsoleCmdlet.#ctor">
            <summary>
                Initializes a new instance of the <see cref="T:Thycotic.RabbitMq.Helper.PSCommands.RestManagementConsoleCmdlet" /> class.
            </summary>
        </member>
    </members>
</doc>
